Location,Transect,Species_ID,Observer
BRB,1,Rhodosoma_turcicum,LG
BRB,1,Isognomon_alatus,LG
BRB,1,Parasmittina_trispinosa,LG
BRB,1,Celleporaria_atlantica,LG
BRB,1,Spirorbids_spirorbids,LG
BRB,1,Serpulid_polychaetes,LG
BRB,1,Schizoporella_pungens,LG
BRB,2,Crassostrea_rhizophorae,LG
BRB,2,Serpulid_polychaetes,LG
BRB,2,CyannobacteriaMorphoSpecies1,LG
BRB,2,Celleporaria_atlantica,LG
BRB,2,Rhodosoma_turcicum,LG
BRB,2,Spirorbids_spirorbids,LG
BRB,3,Didemnum_perlucidum,LG
BRB,3,Celleporaria_atlantica,LG
BRB,3,Phallusia_nigra,LG
BRB,3,Crassostrea_rhizophorae,LG
BRB,3,Spirorbids_spirorbids,LG
BRB,3,Serpulid_polychaetes,LG
BRB,4,Rhodosoma_turcicum,LG
BRB,4,Serpulid_polychaetes,LG
BRB,4,Spirorbids_spirorbids,LG
BRB,4,Phallusia_nigra,LG
BRB,4,Isognomon_alatus,LG
BRB,4,GreenAlgaeMorphoSpecies1,LG
BRB,4,RedAlgaeMorphoSpecies1,LG
BRB,4,Sabellids_polychetes,LG
BRB,5,Rhodosoma_turcicum,LG
BRB,5,Celleporaria_atlantica,LG
BRB,5,Spirorbids_spirorbids,LG
BRB,5,GreenAlgaeMorphoSpecies1,LG
BRB,5,Isognomon_alatus,LG
BRB,5,Crassostrea_rhizophorae,LG
BRB,5,Serpulid_polychaetes,LG
BRB,6,Isognomon_alatus,LG
BRB,6,Crassostrea_rhizophorae,LG
BRB,6,Parasmittina_trispinosa,LG
BRB,6,RedAlgaeMorphoSpecies1,LG
BRB,6,Serpulid_polychaetes,LG
BRB,6,Spirorbids_spirorbids,LG
KRM,1,Spirorbids_spirorbids,LG
KRM,1,Rhodosoma_turcicum,LG
KRM,1,GreenAlgaeMorphoSpecies1,LG
KRM,1,Serpulid_polychaetes,LG
KRM,1,Phallusia_nigra,LG
KRM,1,Schizoporella_pungens,LG
KRM,1,Phallusia_mammilata,LG
KRM,2,Spirorbids_spirorbids,LG
KRM,2,Rhodosoma_turcicum,LG
KRM,2,Serpulid_polychaetes,LG
KRM,2,Phallusia_nigra,LG
KRM,2,GreenAlgaeMorphoSpecies1,LG
KRM,2,Serpulid_polychaetes,LG
KRM,2,RedAlgaeMorphoSpecies1,LG
KRM,3,Spirorbids_spirorbids,LG
KRM,3,Rhodosoma_turcicum,LG
KRM,3,Isognomon_alatus,LG
KRM,3,Phallusia_nigra,LG
KRM,3,GreenAlgaeMorphoSpecies1,LG
KRM,3,Serpulid_polychaetes,LG
KRM,4,Schizoporella_pungens,AL
KRM,4,Phallusia_nigra,AL
KRM,4,Didemnum_perlucidum,AL
KRM,4,Serpulid_polychaetes,AL
KRM,4,GreenAlgaeMorphoSpecies1,AL
KRM,5,Didemnum_perlucidum,AL
KRM,5,Serpulid_polychaetes,AL
KRM,5,MorphoSpeciesPolydora,AL
KRM,5,Phallusia_nigra,AL
KRM,5,Ascidia_sydneiensis,AL
KRM,5,Schizoporella_pungens,AL
KRM,6,MorphoSpeciesPolydora,AL
KRM,6,Serpulid_polychaetes,AL
KRM,6,Rhodosoma_turcicum,AL
KRM,6,Didemnum_perlucidum,AL
KRM,6,Lissoclinum_sp,AL
YHG,1,MorphoSpeciesPolydora,AL
YHG,1,Didemnum_perlucidum,AL
YHG,1,Serpulid_polychaetes,AL
YHG,1,Isognomon_alatus,AL
YHG,1,SolitaryAscidianMorphoSpecies1,AL
YHG,1,CyannobacteriaMorphoSpecies1,AL
YHG,2,ArborescentBryozoansMorphoSpecies1,AL
YHG,2,SolitaryAscidianMorphoSpecies1,AL
YHG,2,Isognomon_alatus,AL
YHG,2,Serpulid_polychaetes,AL
YHG,2,Ascidia_sydneiensis,AL
YHG,2,MorphoSpeciesPolydora,AL
YHG,2,Styela_plicata,AL
YHG,2,Lissoclinum_sp,AL
YHG,3,Didemnum_perlucidum,AL
YHG,3,Lissoclinum_sp,AL
YHG,3,Styela_plicata,AL
YHG,3,Ascidia_sydneiensis,AL
YHG,3,Isognomon_alatus,AL
YHG,3,MorphoSpeciesPolydora,AL
YHG,3,Serpulid_polychaetes,AL
YHG,3,Schizoporella_pungens,AL
YHG,3,ArborescentBryozoansMorphoSpecies1,AL
YHG,3,SolitaryAscidianMorphoSpecies1,AL
YHG,3,CyannobacteriaMorphoSpecies1,AL
YHG,4,CyannobacteriaMorphoSpecies1,AL
YHG,4,SolitaryAscidianMorphoSpecies1,AL
YHG,4,MorphoSpeciesPolydora,AL
YHG,4,Serpulid_polychaetes,AL
YHG,4,Isognomon_alatus,AL
YHG,4,ArborescentBryozoansMorphoSpecies1,AL
YHG,4,RedAlgaeMorphoSpecies1,AL
YHG,5,ArborescentBryozoansMorphoSpecies1,AL
YHG,5,CyannobacteriaMorphoSpecies1,AL
YHG,5,Didemnum_perlucidum,AL
YHG,5,Serpulid_polychaetes,AL
YHG,5,MorphoSpeciesPolydora,AL
YHG,5,Schizoporella_pungens,AL
YHG,5,Isognomon_alatus,AL
YHG,5,Phallusia_nigra,AL
YHG,6,Didemnum_perlucidum,AL
YHG,6,Isognomon_alatus,AL
YHG,6,Serpulid_polychaetes,AL
YHG,6,CyannobacteriaMorphoSpecies1,AL
YHG,6,MorphoSpeciesPolydora,AL
YHG,6,ArborescentBryozoansMorphoSpecies1,AL
YHG,6,Phallusia_nigra,AL